[
  {
    "id": "in_1SgXbFRJ7PlLrfUPMZKLiWIv",
    "number": "RA8TZEOA-0024",
    "amount_due": 149000,
    "amount_paid": 149000,
    "currency": "eur",
    "status": "paid",
    "created": "2025-12-20T21:22:05.000Z",
    "due_date": null,
    "pdf_url": "https://pay.stripe.com/invoice/acct_1ScqFKRJ7PlLrfUP/test_YWNjdF8xU2NxRktSSjdQbExyZlVQLF9UZHBGTElTcHlvaGdHVDduY1Jia0ZaWHprZnp6ZjVxLDE1NjgwNjYzNA0200ZTO5Cuqj/pdf?s=ap"
  },
  {
    "id": "in_1SgXYiRJ7PlLrfUPgfXHK3sK",
    "number": "RA8TZEOA-0023",
    "amount_due": 149000,
    "amount_paid": 149000,
    "currency": "eur",
    "status": "paid",
    "created": "2025-12-20T21:19:27.000Z",
    "due_date": null,
    "pdf_url": "https://pay.stripe.com/invoice/acct_1ScqFKRJ7PlLrfUP/test_YWNjdF8xU2NxRktSSjdQbExyZlVQLF9UZHBEbnlxTkhDTVJTMVJlNER5SllHdkduUVM2M3YzLDE1NjgwNjYzNA0200JCGntCys/pdf?s=ap"
  }
]