[
  {
    "id": "bfd20a7d-f96b-4838-869e-c7c23f41c6b4",
    "firstname": "Client Prénom",
    "lastname": "Client Nom",
    "email": "contact@velvena.fr",
    "phone": "06 06 06 06 06",
    "address": "3 rue Rivoli",
    "city": "Paris",
    "country": "France",
    "postal_code": "75001",
    "created_at": "2025-12-15T11:53:14.092Z",
    "updated_at": "2025-12-15T13:42:33.164Z"
  },
  {
    "id": "2312af9f-3f11-4714-85f0-97a759c57a56",
    "firstname": "Marie",
    "lastname": "Dupont",
    "email": "marie.dupont@prospect.com",
    "phone": "06 06 06 06 06",
    "address": null,
    "city": null,
    "country": null,
    "postal_code": null,
    "created_at": "2025-12-18T18:39:41.210Z",
    "updated_at": "2025-12-18T18:39:41.210Z"
  }
]