[
  {
    "id": "in_1Sh8ZnRJ7PlLrfUPr1MVsydD",
    "number": "RA8TZEOA-0028",
    "amount_due": 4900,
    "amount_paid": 4900,
    "currency": "eur",
    "status": "paid",
    "created": "2025-12-22T12:51:03.000Z",
    "due_date": null,
    "pdf_url": "https://pay.stripe.com/invoice/acct_1ScqFKRJ7PlLrfUP/test_YWNjdF8xU2NxRktSSjdQbExyZlVQLF9UZVJTdlVYdXpDVERFb2FncVZHMW9VSlhWTmtmSUdlLDE1Njk2MjMzNg0200OEm1qnYh/pdf?s=ap"
  },
  {
    "id": "in_1Sh8T0RJ7PlLrfUP3r2LtxYQ",
    "number": "RA8TZEOA-0027",
    "amount_due": 4900,
    "amount_paid": 4900,
    "currency": "eur",
    "status": "paid",
    "created": "2025-12-22T12:44:02.000Z",
    "due_date": null,
    "pdf_url": "https://pay.stripe.com/invoice/acct_1ScqFKRJ7PlLrfUP/test_YWNjdF8xU2NxRktSSjdQbExyZlVQLF9UZVJMQjNuSGJJWGJ4VU1rQWRia2VqWTZhUXhLVkNBLDE1Njk2MjMzNg0200mzpQe2g6/pdf?s=ap"
  },
  {
    "id": "in_1Sh8RGRJ7PlLrfUPDxA8Dpi0",
    "number": "RA8TZEOA-0026",
    "amount_due": 4900,
    "amount_paid": 4900,
    "currency": "eur",
    "status": "paid",
    "created": "2025-12-22T12:42:14.000Z",
    "due_date": null,
    "pdf_url": "https://pay.stripe.com/invoice/acct_1ScqFKRJ7PlLrfUP/test_YWNjdF8xU2NxRktSSjdQbExyZlVQLF9UZVJKRW9KcXZEa3JNWVVpa0gzR2ZOY1oxTG1PbThSLDE1Njk2MjMzNg0200uJ6BPuCr/pdf?s=ap"
  },
  {
    "id": "in_1Sh8J7RJ7PlLrfUPV8l3ONMD",
    "number": "RA8TZEOA-0025",
    "amount_due": 14900,
    "amount_paid": 14900,
    "currency": "eur",
    "status": "paid",
    "created": "2025-12-22T12:33:49.000Z",
    "due_date": null,
    "pdf_url": "https://pay.stripe.com/invoice/acct_1ScqFKRJ7PlLrfUP/test_YWNjdF8xU2NxRktSSjdQbExyZlVQLF9UZVJCdGNkak53RWtxVnZOMGxCMks2b25jQlhZUFp1LDE1Njk2MjMzNg0200S39vzPAk/pdf?s=ap"
  }
]