[
  {
    "id": "584357d3-ed9a-48f0-ad3c-ac0d5e174387",
    "firstname": "test c",
    "lastname": "rrr",
    "email": "contact@velvena.fr",
    "phone": "fdfd",
    "address": "hgh",
    "city": "dd",
    "country": "fdf",
    "postal_code": "fd",
    "created_at": "2025-12-21T11:07:07.207Z",
    "updated_at": "2025-12-21T11:07:07.207Z"
  },
  {
    "id": "7bd8aa11-670b-46dc-bdf8-4387d9e71830",
    "firstname": "hjgj",
    "lastname": "hgf",
    "email": "fd@rfd.fr",
    "phone": null,
    "address": null,
    "city": null,
    "country": null,
    "postal_code": null,
    "created_at": "2025-12-21T17:10:48.822Z",
    "updated_at": "2025-12-21T17:10:48.822Z"
  },
  {
    "id": "8d98b675-52a2-406f-9d0e-41c7f243ec53",
    "firstname": "ghfgf",
    "lastname": "gfdf",
    "email": "fgdfdf@gfd.fr",
    "phone": null,
    "address": null,
    "city": null,
    "country": null,
    "postal_code": null,
    "created_at": "2025-12-21T17:17:56.719Z",
    "updated_at": "2025-12-21T17:17:56.719Z"
  }
]